id_geo_country;continent;name_ru;lat;lon;timezone;iso2;short_name;long_name;iso3;num_code;un_member;calling_code;cctld;phone_number_digits;currency;system_measure;active
3;EU;Андорра;42.55;1.58;Europe/Andorra;AD;Andorra;"Principality of Andorra";AND;020;yes;376;.ad;;EUR;;
4;AS;ОАЭ;23.75;54.50;Asia/Dubai;AE;"United Arab Emirates";"United Arab Emirates";ARE;784;yes;971;.ae;10;AED;;
5;AS;Афганистан;33.00;66.00;Asia/Kabul;AF;Afghanistan;"Islamic Republic of Afghanistan";AFG;004;yes;93;.af;;AFA;;
6;NA;"Антигуа и Барбуда";17.05;-61.80;America/Antigua;AG;"Antigua and Barbuda";"Antigua and Barbuda";ATG;028;yes;1-268;.ag;10;XCD;;
7;NA;Ангуилья;18.22;-63.05;America/Anguilla;AI;Anguilla;Anguilla;AIA;660;no;1-264;.ai;10;XCD;;
8;EU;Албания;41.00;20.00;Europe/Tirane;AL;Albania;"Republic of Albania";ALB;008;yes;355;.al;9;ALL;;
9;AS;Армения;40.25;45.00;Asia/Yerevan;AM;Armenia;"Republic of Armenia";ARM;051;yes;374;.am;8;AMD;;
11;AF;Ангола;-12.50;18.50;Africa/Luanda;AO;Angola;"Republic of Angola";AGO;024;yes;244;.ao;;AOA;;
12;AN;Антарктида;-82.68;8.79;NONE;AQ;Antarctica;Antarctica;ATA;010;no;672;.aq;;NOK;;
13;SA;Аргентина;-34.00;-64.00;America/Argentina/Buenos_Aires;AR;Argentina;"Argentine Republic";ARG;032;yes;54;.ar;;ARA;;
14;OC;"Американское Самоа";-14.23;-169.48;Pacific/Pago_Pago;AS;"American Samoa";"American Samoa";ASM;016;no;1-684;.as;10;USD;;
15;EU;Австрия;47.33;13.33;Europe/Vienna;AT;Austria;"Republic of Austria";AUT;040;yes;43;.at;10;EUR;;
16;OC;Австралия;-25.00;135.00;Australia/Sydney;AU;Australia;"Commonwealth of Australia";AUS;036;yes;61;.au;9;AUD;;
17;NA;Арулько;12.50;-69.97;America/Aruba;AW;Aruba;Aruba;ABW;533;no;297;.aw;;AWG;;
18;AS;Азербайджан;40.50;47.50;Asia/Baku;AZ;Azerbaijan;"Republic of Azerbaijan";AZE;031;yes;994;.az;9;AZM;;
19;EU;"Босния и Герцеговина";44.25;17.83;Europe/Sarajevo;BA;"Bosnia and Herzegovina";"Bosnia and Herzegovina";BIH;070;yes;387;.ba;8;BAM;;
20;NA;Барбадос;13.17;-59.53;America/Barbados;BB;Barbados;Barbados;BRB;052;yes;1-246;.bb;10;BBD;;
21;AS;Бангладеш;24.00;90.00;Asia/Dhaka;BD;Bangladesh;"People\\\'s Republic of Bangladesh";BGD;050;yes;880;.bd;10;BDT;;
22;EU;Бельгия;50.75;4.50;Europe/Brussels;BE;Belgium;"Kingdom of Belgium";BEL;056;yes;32;.be;9;EUR;;
23;AF;"Буркина Фасо";12.50;-1.67;Africa/Ouagadougou;BF;"Burkina Faso";"Burkina Faso";BFA;854;yes;226;.bf;8;XAF;;
24;EU;Болгария;42.67;25.25;Europe/Sofia;BG;Bulgaria;"Republic of Bulgaria";BGR;100;yes;359;.bg;9;BGL;;
25;AS;Бахрейн;26.03;50.55;Asia/Bahrain;BH;Bahrain;"Kingdom of Bahrain";BHR;048;yes;973;.bh;8;BHD;;
26;AF;Бурунди;-3.50;30.00;Africa/Bujumbura;BI;Burundi;"Republic of Burundi";BDI;108;yes;257;.bi;;BIF;;
27;AF;Бенин;9.50;2.25;Africa/Porto-Novo;BJ;Benin;"Republic of Benin";BEN;204;yes;229;.bj;;XAF;;
28;NA;Бермуды;32.33;-64.74;Atlantic/Bermuda;BM;Bermuda;"Bermuda Islands";BMU;060;no;1-441;.bm;10;BMD;;
29;AS;Бруней;4.50;114.67;Asia/Brunei;BN;Brunei;"Brunei Darussalam";BRN;096;yes;673;.bn;;BND;;
30;SA;Боливия;-17.00;-65.00;America/La_Paz;BO;Bolivia;"Plurinational State of Bolivia";BOL;068;yes;591;.bo;;BOB;;
31;SA;Бразилия;-10.00;-55.00;America/Sao_Paulo;BR;Brazil;"Federative Republic of Brazil";BRA;076;yes;55;.br;9;BRL;;
32;NA;"Багамские острова";25.04;-77.37;America/Nassau;BS;Bahamas;"Commonwealth of The Bahamas";BHS;044;yes;1-242;.bs;10;BSD;;
33;AS;Бутан;27.50;90.50;Asia/Thimphu;BT;Bhutan;"Kingdom of Bhutan";BTN;064;yes;975;.bt;;BTN;;
35;AF;Ботсвана;-22.00;24.00;Africa/Gaborone;BW;Botswana;"Republic of Botswana";BWA;072;yes;267;.bw;;BWP;;
36;EU;Беларусь;53.00;28.00;Europe/Minsk;BY;Belarus;"Republic of Belarus";BLR;112;yes;375;.by;9;BYR;;
37;NA;Белиз;17.25;-88.75;America/Belize;BZ;Belize;Belize;BLZ;084;yes;501;.bz;;BZD;;
38;NA;Канада;60.11;-113.64;America/Toronto;CA;Canada;Canada;CAN;124;yes;1;.ca;10;CAD;;
39;AS;"Кокосовые острова";-12.16;96.87;Indian/Cocos;CC;"Cocos [Keeling] Islands";"Cocos [Keeling] Islands";CCK;166;no;61;.cc;;AUD;;
40;AF;"Демократическая Республика Конго";-2.50;23.50;Africa/Kinshasa;CD;"Democratic Republic of the Congo";"Democratic Republic of the Congo";COD;180;yes;243;.cd;;CDZ;;
41;AF;"Центрально-Африканская Республика";7.00;21.00;Africa/Bangui;CF;"Central African Republic";"Central African Republic";CAF;140;yes;236;.cf;;XAF;;
42;AF;Конго;-1.00;15.50;Africa/Brazzaville;CG;Congo;"Republic of the Congo";COG;178;yes;242;.cg;;XAF;;
43;EU;Швейцария;47.00;8.01;Europe/Zurich;CH;Switzerland;"Swiss Confederation";CHE;756;yes;41;.ch;9;CHF;;
44;AF;Кот-д’Ивуар;8.00;-5.50;Africa/Abidjan;CI;"Cote d\\\'ivoire [Ivory Coast]";"Republic of C&ocirc;te D\\\'Ivoire [Ivory Coast]";CIV;384;yes;225;.ci;;XAF;;
45;OC;"Острова Кука";-21.25;-159.79;Pacific/Rarotonga;CK;"Cook Islands";"Cook Islands";COK;184;some;682;.ck;5;NZD;;
46;SA;Чили;-30.00;-71.00;America/Santiago;CL;Chile;"Republic of Chile";CHL;152;yes;56;.cl;;CLF;;
47;AF;Камерун;6.00;12.50;Africa/Douala;CM;Cameroon;"Republic of Cameroon";CMR;120;yes;237;.cm;;XAF;;
48;AS;Китай;35.00;105.00;Asia/Shanghai;CN;China;"People\\\'s Republic of China";CHN;156;yes;86;.cn;11;CNY;;
49;SA;Колумбия;4.00;-73.25;America/Bogota;CO;Colombia;"Republic of Colombia";COL;170;yes;57;.co;10;COP;;
50;NA;Коста-Рика;10.00;-84.00;America/Costa_Rica;CR;"Costa Rica";"Republic of Costa Rica";CRI;188;yes;506;.cr;;CRC;;
51;NA;Куба;22.00;-79.50;America/Havana;CU;Cuba;"Republic of Cuba";CUB;192;yes;53;.cu;;CUP;;
53;AS;"Остров Рождества";-10.50;105.67;Indian/Christmas;CX;"Christmas Island";"Christmas Island";CXR;162;no;61;.cx;;AUD;;
54;EU;Кипр;35.00;33.00;Asia/Nicosia;CY;Cyprus;"Republic of Cyprus";CYP;196;yes;357;.cy;8;EUR;;
55;EU;Чехия;49.75;15.00;Europe/Prague;CZ;"Czech Republic";"Czech Republic";CZE;203;yes;420;.cz;9;CZK;;
56;EU;Германия;51.50;10.50;Europe/Berlin;DE;Germany;"Federal Republic of Germany";DEU;276;yes;49;.de;10;EUR;;
57;AF;Джибути;11.83;42.50;Africa/Djibouti;DJ;Djibouti;"Republic of Djibouti";DJI;262;yes;253;.dj;;DJF;;
58;EU;Дания;56.00;10.00;Europe/Copenhagen;DK;Denmark;"Kingdom of Denmark";DNK;208;yes;45;.dk;8;DKK;;
59;NA;Доминика;15.50;-61.33;America/Dominica;DM;Dominica;"Commonwealth of Dominica";DMA;212;yes;1-767;.dm;10;XCD;;
60;NA;"Доминиканская республика";19.00;-70.67;America/Santo_Domingo;DO;"Dominican Republic";"Dominican Republic";DOM;214;yes;1-809;.do;10;DOP;;
61;AF;Алжир;28.00;3.00;Africa/Algiers;DZ;Algeria;"People\\\'s Democratic Republic of Algeria";DZA;012;yes;213;.dz;9;DZD;;
62;SA;Эквадор;-1.25;-78.25;America/Guayaquil;EC;Ecuador;"Republic of Ecuador";ECU;218;yes;593;.ec;;USD;;
63;EU;Эстония;59.00;26.00;Europe/Tallinn;EE;Estonia;"Republic of Estonia";EST;233;yes;372;.ee;;EUR;;
64;AF;Египет;27.00;30.00;Africa/Cairo;EG;Egypt;"Arab Republic of Egypt";EGY;818;yes;20;.eg;10;EGP;;
66;AF;Эритрея;15.00;39.00;Africa/Asmara;ER;Eritrea;"State of Eritrea";ERI;232;yes;291;.er;;ERN;;
67;EU;Испания;40.00;-4.00;Europe/Madrid;ES;Spain;"Kingdom of Spain";ESP;724;yes;34;.es;9;EUR;;
68;AF;Эфиопия;9.00;39.50;Africa/Addis_Ababa;ET;Ethiopia;"Federal Democratic Republic of Ethiopia";ETH;231;yes;251;.et;;ETB;;
69;EU;Финляндия;64.00;26.00;Europe/Helsinki;FI;Finland;"Republic of Finland";FIN;246;yes;358;.fi;10;EUR;;
70;OC;Фиджи;-18.00;178.00;Pacific/Fiji;FJ;Fiji;"Republic of Fiji";FJI;242;yes;679;.fj;;FJD;;
71;SA;"Фолклендские острова";-51.75;-59.17;Atlantic/Stanley;FK;"Falkland Islands [Malvinas]";"The Falkland Islands [Malvinas]";FLK;238;no;500;.fk;5;FKP;;
73;EU;"Фарерские острова";62.00;-7.00;Atlantic/Faroe;FO;"Faroe Islands";"The Faroe Islands";FRO;234;no;298;.fo;5;DKK;;
74;EU;Франция;46.00;2.00;Europe/Paris;FR;France;"French Republic";FRA;250;yes;33;.fr;9;EUR;;
76;AF;Габон;-1.00;11.75;Africa/Libreville;GA;Gabon;"Gabonese Republic";GAB;266;yes;241;.ga;7;XAF;;
77;EU;Великобритания;54.76;-2.70;Europe/London;GB;"United Kingdom";"United Kingdom of Great Britain and Nothern Ireland";GBR;826;yes;44;.uk;10;GBP;1;
78;NA;Гренада;12.12;-61.67;America/Grenada;GD;Grenada;Grenada;GRD;308;yes;1-473;.gd;10;XCD;;
79;AS;Грузия;42.00;43.50;Asia/Tbilisi;GE;Georgia;Georgia;GEO;268;yes;995;.ge;9;GEL;;
81;AF;Гана;8.10;-1.20;Africa/Accra;GH;Ghana;"Republic of Ghana";GHA;288;yes;233;.gh;9;GHC;;
82;EU;Гибралтар;36.13;-5.35;Europe/Gibraltar;GI;Gibraltar;Gibraltar;GIB;292;no;350;.gi;;GIP;;
83;NA;Гренландия;72.00;-40.00;America/Godthab;GL;Greenland;Greenland;GRL;304;no;299;.gl;6;DKK;;
84;AF;Гамбия;13.50;-15.50;Africa/Banjul;GM;Gambia;"Republic of The Gambia";GMB;270;yes;220;.gm;;GMD;;
85;AF;Гвинея;10.83;-10.67;Africa/Conakry;GN;Guinea;"Republic of Guinea";GIN;324;yes;224;.gn;;GNS;;
87;AF;"Экваториальная Гвинея";1.70;10.50;Africa/Malabo;GQ;"Equatorial Guinea";"Republic of Equatorial Guinea";GNQ;226;yes;240;.gq;;XAF;;
88;EU;Греция;39.00;22.00;Europe/Athens;GR;Greece;"Hellenic Republic";GRC;300;yes;30;.gr;10;EUR;;
89;AN;"Южная Георгия и Южные Сандвичевы острова";-56.00;-33.00;Atlantic/South_Georgia;GS;"South Georgia and the South Sandwich Islands";"South Georgia and the South Sandwich Islands";SGS;239;no;500;.gs;;GBP;;
90;NA;Гватемала;15.50;-90.25;America/Guatemala;GT;Guatemala;"Republic of Guatemala";GTM;320;yes;502;.gt;;GTQ;;
91;OC;Гуам;13.48;144.82;Pacific/Guam;GU;Guam;Guam;GUM;316;no;1-671;.gu;10;USD;;
92;AF;Гвинея-Бисау;12.00;-15.00;Africa/Bissau;GW;Guinea-Bissau;"Republic of Guinea-Bissau";GNB;624;yes;245;.gw;;GWP;;
93;SA;Гайана;5.00;-59.00;America/Guyana;GY;Guyana;"Co-operative Republic of Guyana";GUY;328;yes;592;.gy;;GYD;;
94;AS;Гонконг;22.25;114.17;Asia/Hong_Kong;HK;"Hong Kong";"Hong Kong";HKG;344;no;852;.hk;8;HKD;;
96;NA;Гондурас;15.00;-86.50;America/Tegucigalpa;HN;Honduras;"Republic of Honduras";HND;340;yes;504;.hn;;HNL;;
97;EU;Хорватия;45.17;15.50;Europe/Zagreb;HR;Croatia;"Republic of Croatia";HRV;191;yes;385;.hr;;HRK;;
98;NA;Гаити;19.00;-72.42;America/Port-au-Prince;HT;Haiti;"Republic of Haiti";HTI;332;yes;509;.ht;;HTG;;
99;EU;Венгрия;47.00;20.00;Europe/Budapest;HU;Hungary;Hungary;HUN;348;yes;36;.hu;9;HUF;;
100;AS;Индонезия;-5.00;120.00;Asia/Jakarta;ID;Indonesia;"Republic of Indonesia";IDN;360;yes;62;.id;11;IDR;;
101;EU;Ирландия;53.00;-8.00;Europe/Dublin;IE;Ireland;Ireland;IRL;372;yes;353;.ie;9;EUR;;
102;AS;Израиль;31.50;34.75;Asia/Jerusalem;IL;Israel;"State of Israel";ISR;376;yes;972;.il;9;ILS;;
103;AS;Индия;22.00;79.00;Asia/Kolkata;IN;India;"Republic of India";IND;356;yes;91;.in;10;INR;;
104;AS;"Британская территория в Индийском океане";-6.00;72.00;Indian/Chagos;IO;"British Indian Ocean Territory";"British Indian Ocean Territory";IOT;086;no;246;.io;7;GBP;;
105;AS;Ирак;33.00;44.00;Asia/Baghdad;IQ;Iraq;"Republic of Iraq";IRQ;368;yes;964;.iq;;IQD;;
106;AS;Иран;32.00;53.00;Asia/Tehran;IR;Iran;"Islamic Republic of Iran";IRN;364;yes;98;.ir;10;IRR;;
107;EU;Исландия;65.00;-18.00;Atlantic/Reykjavik;IS;Iceland;"Republic of Iceland";ISL;352;yes;354;.is;;ISK;;
108;EU;Италия;42.83;12.83;Europe/Rome;IT;Italy;"Italian Republic";ITA;380;yes;39;.jm;10;EUR;;
109;NA;Ямайка;18.17;-77.25;America/Jamaica;JM;Jamaica;Jamaica;JAM;388;yes;1-876;.jm;10;JMD;;
110;AS;Иордания;31.00;36.00;Asia/Amman;JO;Jordan;"Hashemite Kingdom of Jordan";JOR;400;yes;962;.jo;;JOD;;
111;AS;Япония;35.69;139.75;Asia/Tokyo;JP;Japan;Japan;JPN;392;yes;81;.jp;;JPY;;
112;AF;Кения;1.00;38.00;Africa/Nairobi;KE;Kenya;"Republic of Kenya";KEN;404;yes;254;.ke;;KES;;
113;AS;Кыргызстан;41.50;75.00;Asia/Bishkek;KG;Kyrgyzstan;"Kyrgyz Republic";KGZ;417;yes;996;.kg;;KGS;;
114;AS;Камбоджа;13.00;105.00;Asia/Phnom_Penh;KH;Cambodia;"Kingdom of Cambodia";KHM;116;yes;855;.kh;;KHR;;
115;OC;Кирибати;1.42;172.98;Pacific/Tarawa;KI;Kiribati;"Republic of Kiribati";KIR;296;yes;686;.ki;5;AUD;;
116;AF;"Коморские острова";-12.23;44.45;Indian/Comoro;KM;Comoros;"Union of the Comoros";COM;174;yes;269;.km;;KMF;;
117;NA;"Сент Китс и Невис";17.33;-62.75;America/St_Kitts;KN;"Saint Kitts and Nevis";"Federation of Saint Christopher and Nevis";KNA;659;yes;1-869;.kn;10;XCD;;
118;AS;"Северная Корея";40.00;127.00;Asia/Pyongyang;KP;"North Korea";"Democratic People\\\'s Republic of Korea";PRK;408;yes;850;.kp;;KPW;;
119;AS;"Южная Корея";36.50;127.75;Asia/Seoul;KR;"South Korea";"Republic of Korea";KOR;410;yes;82;.kr;;KRW;;
120;AS;Кувейт;29.50;47.75;Asia/Kuwait;KW;Kuwait;"State of Kuwait";KWT;414;yes;965;.kw;;KWD;;
121;NA;"Каймановы острова";19.50;-80.67;America/Cayman;KY;"Cayman Islands";"The Cayman Islands";CYM;136;no;1-345;.ky;10;KYD;;
122;AS;Казахстан;48.00;68.00;Asia/Almaty;KZ;Kazakhstan;"Republic of Kazakhstan";KAZ;398;yes;7;.kz;9;KZT;;
123;AS;Лаос;18.00;105.00;Asia/Vientiane;LA;Laos;"Lao People\\\'s Democratic Republic";LAO;418;yes;856;.la;;LAK;;
124;AS;Ливан;33.83;35.83;Asia/Beirut;LB;Lebanon;"Republic of Lebanon";LBN;422;yes;961;.lb;;LBP;;
125;NA;"Святая Люсия";13.88;-60.97;America/St_Lucia;LC;"Saint Lucia";"Saint Lucia";LCA;662;yes;1-758;.lc;10;XCD;;
126;EU;Лихтенштейн;47.17;9.53;Europe/Vaduz;LI;Liechtenstein;"Principality of Liechtenstein";LIE;438;yes;423;.li;;CHF;;
127;AS;Шри-Ланка;7.75;80.75;Asia/Colombo;LK;"Sri Lanka";"Democratic Socialist Republic of Sri Lanka";LKA;144;yes;94;.lk;7;LKR;;
128;AF;Либерия;6.50;-9.50;Africa/Monrovia;LR;Liberia;"Republic of Liberia";LBR;430;yes;231;.lr;7;LRD;1;
129;AF;Лесото;-29.50;28.25;Africa/Maseru;LS;Lesotho;"Kingdom of Lesotho";LSO;426;yes;266;.ls;;LSL;;
130;EU;Литва;55.42;24.00;Europe/Vilnius;LT;Lithuania;"Republic of Lithuania";LTU;440;yes;370;.lt;;EUR;;
131;EU;Люксембург;49.75;6.17;Europe/Luxembourg;LU;Luxembourg;"Grand Duchy of Luxembourg";LUX;442;yes;352;.lu;9;EUR;;
132;EU;Латвия;57.00;25.00;Europe/Riga;LV;Latvia;"Republic of Latvia";LVA;428;yes;371;.lv;8;EUR;;
133;AF;Ливия;28.00;17.00;Africa/Tripoli;LY;Libya;Libya;LBY;434;yes;218;.ly;;LYD;;
134;AF;Марокко;32.00;-6.00;Africa/Casablanca;MA;Morocco;"Kingdom of Morocco";MAR;504;yes;212;.ma;;MAD;;
135;EU;Монако;43.73;7.42;Europe/Monaco;MC;Monaco;"Principality of Monaco";MCO;492;yes;377;.mc;;EUR;;
136;EU;Молдова;47.25;28.58;Europe/Chisinau;MD;Moldova;"Republic of Moldova";MDA;498;yes;373;.md;8;MDL;;
137;AF;Мадагаскар;-20.00;47.00;Indian/Antananarivo;MG;Madagascar;"Republic of Madagascar";MDG;450;yes;261;.mg;;MGF;;
139;EU;Македония;41.67;21.75;Europe/Skopje;MK;Macedonia;"The Former Yugoslav Republic of Macedonia";MKD;807;yes;389;.mk;8;MKD;;
140;AF;Мали;18.00;-2.00;Africa/Bamako;ML;Mali;"Republic of Mali";MLI;466;yes;223;.ml;8;XAF;;
142;AS;Монголия;46.00;105.00;Asia/Ulaanbaatar;MN;Mongolia;Mongolia;MNG;496;yes;976;.mn;8;MNT;;
143;AS;Макау;22.16;113.56;Asia/Macau;MO;Macao;"The Macao Special Administrative Region";MAC;446;no;853;.mo;;MOP;;
144;OC;"Северные Марианские острова";15.21;145.76;Pacific/Saipan;MP;"Northern Mariana Islands";"Northern Mariana Islands";MNP;580;no;1-670;.mp;10;USD;;
145;NA;Мартиника;14.67;-61.00;America/Martinique;MQ;Martinique;Martinique;MTQ;474;no;596;.mq;;EUR;;
146;AF;Мавритания;20.25;-10.50;Africa/Nouakchott;MR;Mauritania;"Islamic Republic of Mauritania";MRT;478;yes;222;.mr;;MRO;;
147;NA;Монтсеррат;16.75;-62.20;America/Montserrat;MS;Montserrat;Montserrat;MSR;500;no;1-664;.ms;10;XCD;;
148;EU;Мальта;35.92;14.43;Europe/Malta;MT;Malta;"Republic of Malta";MLT;470;yes;356;.mt;;EUR;;
149;AF;Маврикий;-20.30;57.58;Indian/Mauritius;MU;Mauritius;"Republic of Mauritius";MUS;480;yes;230;.mu;;MUR;;
150;AS;"Мальдивские острова";3.20;73.00;Indian/Maldives;MV;Maldives;"Republic of Maldives";MDV;462;yes;960;.mv;;MVR;;
151;AF;Малави;-13.50;34.00;Africa/Blantyre;MW;Malawi;"Republic of Malawi";MWI;454;yes;265;.mw;;MWK;;
152;NA;Мексика;23.00;-102.00;America/Mexico_City;MX;Mexico;"United Mexican States";MEX;484;yes;52;.mx;10;MXN;;
153;AS;Малайзия;2.50;112.50;Asia/Kuala_Lumpur;MY;Malaysia;Malaysia;MYS;458;yes;60;.my;;MYR;;
154;AF;Мозамбик;-18.25;35.00;Africa/Maputo;MZ;Mozambique;"Republic of Mozambique";MOZ;508;yes;258;.mz;;MZM;;
155;AF;Намибия;-22.00;17.00;Africa/Windhoek;NA;Namibia;"Republic of Namibia";NAM;516;yes;264;.na;;NAD;;
157;AF;Нигер;18.00;9.00;Africa/Niamey;NE;Niger;"Republic of Niger";NER;562;yes;227;.ne;8;XOF;;
158;OC;Норфолк;-29.03;167.95;Pacific/Norfolk;NF;"Norfolk Island";"Norfolk Island";NFK;574;no;672;.nf;6;AUD;;
159;AF;Нигерия;10.00;8.00;Africa/Lagos;NG;Nigeria;"Federal Republic of Nigeria";NGA;566;yes;234;.ng;;NGN;;
160;NA;Никарагуа;13.00;-85.00;America/Managua;NI;Nicaragua;"Republic of Nicaragua";NIC;558;yes;505;.ni;;NIC;;
161;EU;Нидерланды;52.25;5.75;Europe/Amsterdam;NL;Netherlands;"Kingdom of the Netherlands";NLD;528;yes;31;.nl;9;EUR;;
162;EU;Норвегия;62.00;10.00;Europe/Oslo;NO;Norway;"Kingdom of Norway";NOR;578;yes;47;.no;8;NOK;;
163;AS;Непал;28.00;84.00;Asia/Kathmandu;NP;Nepal;"Federal Democratic Republic of Nepal";NPL;524;yes;977;.np;;NPR;;
164;OC;Науру;-0.52;166.93;Pacific/Nauru;NR;Nauru;"Republic of Nauru";NRU;520;yes;674;.nr;;AUD;;
165;OC;Ниуэ;-19.03;-169.87;Pacific/Niue;NU;Niue;Niue;NIU;570;some;683;.nu;4;NZD;;
166;OC;"Новая Зеландия";-42.00;174.00;Pacific/Auckland;NZ;"New Zealand";"New Zealand";NZL;554;yes;64;.nz;;NZD;;
167;AS;Оман;21.00;57.00;Asia/Muscat;OM;Oman;"Sultanate of Oman";OMN;512;yes;968;.om;;OMR;;
168;NA;Панама;9.00;-80.00;America/Panama;PA;Panama;"Republic of Panama";PAN;591;yes;507;.pa;8;PAB;;
169;SA;Перу;-10.00;-75.25;America/Lima;PE;Peru;"Republic of Peru";PER;604;yes;51;.pe;;PEI;;
171;OC;"Папуа Новая Гвинея";-6.00;147.00;Pacific/Port_Moresby;PG;"Papua New Guinea";"Independent State of Papua New Guinea";PNG;598;yes;675;.pg;;PGK;;
172;AS;Филиппины;13.00;122.00;Asia/Manila;PH;Phillipines;"Republic of the Philippines";PHL;608;yes;63;.ph;10;PHP;;
173;AS;Пакистан;30.00;70.00;Asia/Karachi;PK;Pakistan;"Islamic Republic of Pakistan";PAK;586;yes;92;.pk;10;PKR;;
174;EU;Польша;52.00;20.00;Europe/Warsaw;PL;Poland;"Republic of Poland";POL;616;yes;48;.pl;9;PLN;;
175;NA;"Сен-Пьер и Микелон";46.83;-56.33;America/Miquelon;PM;"Saint Pierre and Miquelon";"Saint Pierre and Miquelon";SPM;666;no;508;.pm;;EUR;;
177;NA;"Пуэрто Рико";18.25;-66.50;America/Puerto_Rico;PR;"Puerto Rico";"Commonwealth of Puerto Rico";PRI;630;no;1-939;.pr;10;USD;;
179;EU;Португалия;39.69;-8.13;Europe/Lisbon;PT;Portugal;"Portuguese Republic";PRT;620;yes;351;.pt;9;EUR;;
180;OC;Палау;7.50;134.62;Pacific/Palau;PW;Palau;"Republic of Palau";PLW;585;yes;680;.pw;7;USD;;
181;SA;Парагвай;-23.33;-58.00;America/Asuncion;PY;Paraguay;"Republic of Paraguay";PRY;600;yes;595;.py;;PYG;;
182;AS;Катар;25.50;51.25;Asia/Qatar;QA;Qatar;"State of Qatar";QAT;634;yes;974;.qa;;QAR;;
183;AF;Реюньон;-21.10;55.60;Indian/Reunion;RE;Reunion;"R&eacute;union";REU;638;no;262;.re;;EUR;;
184;EU;Румыния;46.00;25.00;Europe/Bucharest;RO;Romania;Romania;ROU;642;yes;40;.ro;;ROL;;
185;EU;Россия;60.00;100.00;Europe/Moscow;RU;Russia;"Russian Federation";RUS;643;yes;7;.ru;10;RUB;;
186;AF;Руанда;-2.00;30.00;Africa/Kigali;RW;Rwanda;"Republic of Rwanda";RWA;646;yes;250;.rw;;RWF;;
187;AS;"Саудовская Аравия";25.00;45.00;Asia/Riyadh;SA;"Saudi Arabia";"Kingdom of Saudi Arabia";SAU;682;yes;966;.sa;10;SAR;;
188;OC;"Соломоновы острова";-8.00;159.00;Pacific/Guadalcanal;SB;"Solomon Islands";"Solomon Islands";SLB;090;yes;677;.sb;7;SBD;;
189;AF;Сейшеллы;-4.58;55.67;Indian/Mahe;SC;Seychelles;"Republic of Seychelles";SYC;690;yes;248;.sc;;SCR;;
190;AF;Судан;16.00;30.00;Africa/Khartoum;SD;Sudan;"Republic of the Sudan";SDN;729;yes;249;.sd;;SDG;;
191;EU;Швеция;62.00;15.00;Europe/Stockholm;SE;Sweden;"Kingdom of Sweden";SWE;752;yes;46;.se;;SEK;;
192;AS;Сингапур;1.37;103.80;Asia/Singapore;SG;Singapore;"Republic of Singapore";SGP;702;yes;65;.sg;;SGD;;
194;EU;Словения;46.08;15.00;Europe/Ljubljana;SI;Slovenia;"Republic of Slovenia";SVN;705;yes;386;.si;;EUR;;
195;EU;"Свальбард и Ян-Майен";78.00;20.00;Arctic/Longyearbyen;SJ;"Svalbard and Jan Mayen";"Svalbard and Jan Mayen";SJM;744;no;47;.sj;;NOK;;
196;EU;Словакия;48.67;19.50;Europe/Bratislava;SK;Slovakia;"Slovak Republic";SVK;703;yes;421;.sk;9;EUR;;
197;AF;Сьерра-Леоне;8.50;-11.50;Africa/Freetown;SL;"Sierra Leone";"Republic of Sierra Leone";SLE;694;yes;232;.sl;;SLL;;
198;EU;Сан-Марино;43.94;12.45;Europe/San_Marino;SM;"San Marino";"Republic of San Marino";SMR;674;yes;378;.sm;;EUR;;
199;AF;Сенегал;14.50;-14.25;Africa/Dakar;SN;Senegal;"Republic of Senegal";SEN;686;yes;221;.sn;;XOF;;
200;AF;Сомали;6.00;48.00;Africa/Mogadishu;SO;Somalia;"Somali Republic";SOM;706;yes;252;.so;;SOS;;
201;SA;Суринам;4.00;-56.00;America/Paramaribo;SR;Suriname;"Republic of Suriname";SUR;740;yes;597;.sr;;SRG;;
202;AF;"Сан-Томе и Принсипи";1.00;7.00;Africa/Sao_Tome;ST;"Sao Tome and Principe";"Democratic Republic of S&atilde;o Tom&eacute; and Pr&iacute;ncipe";STP;678;yes;239;.st;;STD;;
203;NA;Сальвадор;13.83;-88.92;America/El_Salvador;SV;"El Salvador";"Republic of El Salvador";SLV;222;yes;503;.sv;;USD;;
204;AS;Сирия;35.00;38.00;Asia/Damascus;SY;Syria;"Syrian Arab Republic";SYR;760;yes;963;.sy;;SYP;;
205;AF;Свазиленд;-26.50;31.50;Africa/Mbabane;SZ;Swaziland;"Kingdom of Swaziland";SWZ;748;yes;268;.sz;;SZL;;
206;NA;"Туркс и Кейкос";21.73;-71.58;America/Grand_Turk;TC;"Turks and Caicos Islands";"Turks and Caicos Islands";TCA;796;no;1-649;.tc;10;USD;;
207;AF;Чад;15.00;19.00;Africa/Ndjamena;TD;Chad;"Republic of Chad";TCD;148;yes;235;.td;;XAF;;
209;AF;Того;8.67;1.08;Africa/Lome;TG;Togo;"Togolese Republic";TGO;768;yes;228;.tg;8;XAF;;
210;AS;Таиланд;15.50;101.00;Asia/Bangkok;TH;Thailand;"Kingdom of Thailand";THA;764;yes;66;.th;9;THB;;
211;AS;Таджикистан;39.00;71.00;Asia/Dushanbe;TJ;Tajikistan;"Republic of Tajikistan";TJK;762;yes;992;.tj;;TJR;;
212;OC;Токелау;-9.17;-171.83;Pacific/Fakaofo;TK;Tokelau;Tokelau;TKL;772;no;690;.tk;;NZD;;
213;AS;Туркменистан;39.75;59.67;Asia/Ashgabat;TM;Turkmenistan;Turkmenistan;TKM;795;yes;993;.tm;;TMM;;
214;AF;Тунис;34.00;9.00;Africa/Tunis;TN;Tunisia;"Republic of Tunisia";TUN;788;yes;216;.tn;;TND;;
215;OC;Тонга;-20.00;-175.00;Pacific/Tongatapu;TO;Tonga;"Kingdom of Tonga";TON;776;yes;676;.to;;TOP;;
217;AS;Турция;39.00;35.00;Europe/Istanbul;TR;Turkey;"Republic of Turkey";TUR;792;yes;90;.tr;10;TRY;;
218;NA;"Тринидад и Тобаго";11.00;-61.00;America/Port_of_Spain;TT;"Trinidad and Tobago";"Republic of Trinidad and Tobago";TTO;780;yes;1-868;.tt;10;TTD;;
219;OC;Тувалу;-8.52;179.14;Pacific/Funafuti;TV;Tuvalu;Tuvalu;TUV;798;yes;688;.tv;;AUD;;
220;AS;Тайвань;24.00;121.00;Asia/Taipei;TW;Taiwan;"Republic of China [Taiwan]";TWN;158;former;886;.tw;9;TWD;;
221;AF;Танзания;-6.00;35.00;Africa/Dar_es_Salaam;TZ;Tanzania;"United Republic of Tanzania";TZA;834;yes;255;.tz;;TZS;;
222;EU;Украина;49.00;32.00;Europe/Kiev;UA;Ukraine;Ukraine;UKR;804;yes;380;.ua;9;UAH;;
223;AF;Уганда;1.25;32.50;Africa/Kampala;UG;Uganda;"Republic of Uganda";UGA;800;yes;256;.ug;;UGS;;
225;NA;США;39.76;-98.50;America/New_York;US;"United States";"United States of America";USA;840;yes;1;.us;10;USD;1;
226;SA;Уругвай;-33.00;-56.00;America/Montevideo;UY;Uruguay;"Eastern Republic of Uruguay";URY;858;yes;598;.uy;;UYU;;
227;AS;Узбекистан;41.67;63.83;Asia/Tashkent;UZ;Uzbekistan;"Republic of Uzbekistan";UZB;860;yes;998;.uz;;UZS;;
228;EU;Ватикан;41.90;12.45;Europe/Vatican;VA;"Vatican City";"State of the Vatican City";VAT;336;no;39;.va;10;EUR;;
229;NA;"Сент-Винсент и Гренадины";13.08;-61.20;America/St_Vincent;VC;"Saint Vincent and the Grenadines";"Saint Vincent and the Grenadines";VCT;670;yes;1-784;.vc;10;XCD;;
230;SA;Венесуэла;8.00;-66.00;America/Caracas;VE;Venezuela;"Bolivarian Republic of Venezuela";VEN;862;yes;58;.ve;;VEF;;
233;AS;Вьетнам;16.17;107.83;Asia/Ho_Chi_Minh;VN;Vietnam;"Socialist Republic of Vietnam";VNM;704;yes;84;.vn;;VND;;
234;OC;Вануату;-16.00;167.00;Pacific/Efate;VU;Vanuatu;"Republic of Vanuatu";VUT;548;yes;678;.vu;;VUV;;
235;OC;"Уоллис и Футуна";-13.30;-176.20;Pacific/Wallis;WF;"Wallis and Futuna";"Wallis and Futuna";WLF;876;no;681;.wf;;XPF;;
236;OC;Самоа;-13.80;-172.13;Pacific/Apia;WS;Samoa;"Independent State of Samoa";WSM;882;yes;685;.ws;;WST;;
238;AF;Майотта;-12.83;45.17;Indian/Mayotte;YT;Mayotte;Mayotte;MYT;175;no;262;.yt;;EUR;;
240;AF;ЮАР;-29.00;24.00;Africa/Johannesburg;ZA;"South Africa";"Republic of South Africa";ZAF;710;yes;27;.za;9;ZAR;;
241;AF;Замбия;-14.33;28.50;Africa/Lusaka;ZM;Zambia;"Republic of Zambia";ZMB;894;yes;260;.zm;;ZMK;;
243;AF;Зимбабве;-19.00;29.75;Africa/Harare;ZW;Zimbabwe;"Republic of Zimbabwe";ZWE;716;yes;263;.zw;;USD;;
251;NA;Сен-Бартелеми;17.90;-62.83;America/St_Barthelemy;BL;"Saint Barthelemy";"Saint Barth&eacute;lemy";BLM;652;no;590;.bl;;EUR;;
252;NA;Сен-Мартен;18.07;-63.07;America/Marigot;MF;"Saint Martin";"Saint Martin";MAF;663;no;590;.mf;;EUR;;
